{
    "2022_WWZJetsTo4L2Nu": {
        "nleps_counts": [
            1987.0,
            null
        ],
        "njets_counts": [
            869.0,
            null
        ],
        "nbtagsl_counts": [
            159.0,
            null
        ],
        "sr_4l_sf_A_counts": [
            19.0,
            null
        ],
        "sr_4l_sf_B_counts": [
            13.0,
            null
        ],
        "sr_4l_sf_C_counts": [
            5.0,
            null
        ],
        "sr_4l_of_1_counts": [
            3.0,
            null
        ],
        "sr_4l_of_2_counts": [
            12.0,
            null
        ],
        "sr_4l_of_3_counts": [
            10.0,
            null
        ],
        "sr_4l_of_4_counts": [
            42.0,
            null
        ],
        "all_events_counts": [
            612.0,
            null
        ],
        "4l_presel_counts": [
            216.0,
            null
        ],
        "sr_4l_sf_incl_counts": [
            37.0,
            null
        ],
        "sr_4l_of_incl_counts": [
            81.0,
            null
        ],
        "cr_4l_btag_of_counts": [
            17.0,
            null
        ],
        "cr_4l_btag_sf_offZ_met80_counts": [
            3.0,
            null
        ],
        "cr_4l_sf_counts": [
            11.0,
            null
        ],
        "sr_4l_sf_A": [
            0.1050297413310026,
            null
        ],
        "sr_4l_sf_B": [
            0.09025472297200957,
            null
        ],
        "sr_4l_sf_C": [
            0.016992596918566,
            null
        ],
        "sr_4l_of_1": [
            0.012956355597567339,
            null
        ],
        "sr_4l_of_2": [
            0.06124553456112963,
            null
        ],
        "sr_4l_of_3": [
            0.04548854197300198,
            null
        ],
        "sr_4l_of_4": [
            0.21252049542605744,
            null
        ],
        "all_events": [
            3.4184289614267866,
            null
        ],
        "4l_presel": [
            1.1288058044647908,
            null
        ],
        "sr_4l_sf_incl": [
            0.2122770612215782,
            null
        ],
        "sr_4l_of_incl": [
            0.41308951123026255,
            null
        ],
        "cr_4l_btag_of": [
            0.11317595185125834,
            null
        ],
        "cr_4l_btag_sf_offZ_met80": [
            0.02389211300322766,
            null
        ],
        "cr_4l_sf": [
            0.04870441722035864,
            null
        ]
    }
}